Abercrombie & Fitch,Store Locator · Closest Stores Found Near You · product quickview modal · Select a store · Regional Preferences · Currency · Change Location · success modal.
Adidas,"Herzogenaurach, Germany"
Aeropostale,"New York, NY"
AJIO,"Ajio is headquartered in Mumbai, 3rd Floor, Kavarana Building, Lokmanya Tilak Rd, Dhobi Talao, Lohar Chawl, Kalbadevi, India, and has 2 office locations."
ALDI Nord,"Essen, Germany"
ALDI SOUTH,"Office building in Sattledt of HOFER Austria. Company Profile. Our Profile ... Legal structure. The family-owned business, initially founded in 1913, was divided ..."
Heilan Home,"Where is Heilan Home located? Heilan Home's headquarters are located at No 8 Taoxin Rd, Wuxi, Jiangsu, 214426, China What is Heilan Home's phone number?"
ALDO,"Montreal, Canada"
American Eagle,"Pittsburgh, PA"
Kmart,"Hoffman Estates, IL"
LC Waikiki,"İstanbul, Türkiye"
Aritzia,"Vancouver, Canada"
Armani,"Milan, Italy"
Asda,"Leeds, United Kingdom"
ASICS,"Chuo Ward, Kobe, Hyogo, Japan"
Louis Vuitton,"Paris, France"
Balenciaga,"Paris, France"
Bally,"Providence, RI"
Banana Republic,"The Banana Republic at Br At 2 Folsom in San Francisco, CA offers an iconic wardrobe of contemporary classics-from... MoreThe ..."
BCBGMAXAZRIA,"Website: http://www.bcbg.com. External link for BCBGMAXAZRIAGROUP ; Industry: Retail Apparel and Fashion ; Company size: 1,001-5,000 employees ; Headquarters: Los ..."
Jockey,"Kenosha, WI"
Belle,"Belle International is headquartered in Shenzhen Shi, Yue Hai Lu, Nanshan Qu, China, and has 1 office location. Locations. Country, City, Address ..."
Bershka,"Bershka store in Rennes, France · Unirea Shopping Center in Bucharest, Romania ..."
Big Bazaar - ffb,"Popular retail chains – like the Food Bazaar and fbb form an integral part of Big Bazaar's identity. ... Headquarters: Mumbai, Maharashtra. Type: Privately Held."
Semir,China
Columbia Sportswear,"Our birthplace of the Columbia brand and our largest region with the global headquarters in Portland, Oregon, we offer diverse opportunities across back office ..."
Bloomingdale's,"New York, NY"
Bonprix,We want to show our customers all over the world that fashion is our passion. bonprix is an international fashion company based in Hamburg.
Beanpole,instance of · business ; industry · clothing industry ; inception. 1989 ; headquarters location · Jongno ; official website · http://www.beanpole.com.
Deichmann,"Essen, Germany"
Bottega Veneta,"Bottega Veneta Corporate Office. Office · Financial District. Category icon. 33 Whitehall St, New York, NY 10004, United States · Directions Directions."
Brooks Sport,"Brooks global headquarters is located in the heart of Seattle, right along the Burke-Gilman running and biking trail next to Lake Union. If you ever visit ..."
Foschini,"Western Cape, South Africa"
Li-Ning,"Beijing, China"
The North Face,"Denver, CO"
Burlington,"Burlington, NJ"
C&A,"Apr 12, 2022 — You can find the C drive from within the Windows file explorer by navigating to This PC. To do this, either search for This PC in the Windows ..."
Timberland,"Stratham, NH"
Calzedonia,"Distribution of the Group's brands/ shops ; BRAND · Italy, Abroad ; Calzedonia, 574, 1.571 ; Intimissimi, 490, 1.058 ; Intim. Uomo, 167, 56 ; Tezenis, 353, 382 ..."
Canada Goose,"Canada Goose is headquartered in Toronto, 250 Bowie Ave, Canada, and has 1 office location."
DKNY,"New York, NY"
Carolina Herrera,"Headquarters: New York, New York. Type: Privately Held. Founded: 1981. Locations. Primary. 501 7th Avenue. New York, New York 10018, US. Get directions ..."
Billabong,"Queensland, Australia"
Costco,"Issaquah, WA"
Carter's,"Atlanta, GA"
CELINE,"Registered office: 16 rue Vivienne, 75002 PARIS. ... PLEASE NOTE THAT CHANGING YOUR LOCATION WILL REMOVE ALL ITEMS FROM YOUR ORDER. CHANGE THE LOCATION. CLOSE."
celio,"Saint-Ouen-sur-Seine, France"
Champion,"Winston-Salem, NC"
GU,"GU Energy Labs is headquartered in Berkeley, 1609 Fourth St, United States, and has 1 office location."
Chico's,"Fort Myers, FL"
Chloé,"chloé offices · PARIS. Chloé SAS Head Office 5 avenue Percier · NEW YORK, NYC. Chloé Inc. 3rd floor 10 East 52nd Street · DUBAI. Chloé Middle East Emirates Towers ..."
Quiksilver,"Huntington Beach, CA"
COACH,"Headquartered in New York, NY, Coach, Inc. designs and produces high quality leather goods for men and women. The company's product lines include luggage, ..."
Roxy,"Huntington Beach, CA"
Uniqlo,"Yamaguchi, Yamaguchi, Japan"
Cortefiel,"Where is Cortefiel located? Cortefiel's headquarters are located at 51 Av. Llano Castellano, Madrid, Madrid, 28034, Spain What is Cortefiel's phone number?"
Brunello Cucinelli,"Corciano, Italy"
Cotton On,"Geelong, Australia"
Decathlon,"Villeneuve-d'Ascq, France"
Lindex,"Gothenburg, Sweden"
Desigual,"Barcelona, Spain"
Dick's Sporting Goods,"DICK'S Sporting Goods may also be known as or be related to DICK'S Sporting Goods, DICK'S Sporting Goods, Inc., Dick s Sporting Goods, Dick's Sporting Goods, ..."
Diesel,"Diesel Headquarters in Glendale, AZ We specialize in Diesel, Turbos, Transmissions and Exhaust ... Glendale Ave. Glendale, AZ 85307. Monday - Friday 9AM - 6PM."
Ross Dress for Less,"Buying Offices · New York Buying Office 1372 Broadway New York, NY 10018 · Los Angeles Buying Office 110 E. Ninth Street, Suite A 979. Los Angeles, CA 90079 ..."
Dior,"Paris, France"
Disney,"Burbank, CA"
ASOS,"London, United Kingdom"
Dolce & Gabbana,High Rock · Southeast Asia · Food · Architecture · Portraits · Food · Stock Imagery · Still Life.
Dr. Martens,"The company, founded in 1960, also produces shoes, sandals, and clothing for adults and children. Corporate headquarters are located in Portland, OR. Main ..."
Dressmann,"Adress Dressmann Nesøyveien 4 P.O. Box 124 1376 BILLINGSTAD, Norway Vat NO 946927201. About us. Stores; Work at Dressmann. Vacancies · Sustainability in ..."
DSW,"Columbus, OH"
Lands' End,"Lands' End is headquartered in Dodgeville, 1 Lands End Ln, United States, and has 4 office locations."
Tod's,"Marche, Italy"
Van Heusen,"New York, NY"
Lacoste,"Paris, France"
Express,"Columbus, OH"
Fabletics,"Fabletics is headquartered in El Segundo, 800 Apollo St, United States, and has 6 office locations."
Longchamp,"LEGAL. PUBLISHER. LONGCHAMP A SAS Company with share capital of 2.000.000 euros. Head office: 12, rue Saint Florentin – 75001 PARIS"
Famous Footwear,"St. Louis, MO"
Fanatics,"Jacksonville, FL"
Fashion Nova,"Fashion Nova is headquartered in Vernon, 2801 E 46th St, United States, and has 1 office location."
Fendi,"Rome, Italy"
Fila,"Seoul, South Korea"
Fjällräven,"Hailing from the small town of Örnsköldsvik in Sweden, a place where mountains and forest meet the sea, Fjällräven is an outdoor clothing and equipment ..."
Foot Locker,"New York, NY"
Anthropologie,"Philadelphia, PA"
Fossil,"Richardson, TX"
Big W,"Bella Vista, Australia"
Free People,"Philadelphia, PA"
Monoprix,"Clichy, France"
G-Star RAW,"Amsterdam, Netherlands"
Gap,"San Francisco, CA"
Gerry Weber,Customer service HQ. GERRY WEBER International AG Neulehenstraße 8 33790 Halle/Westfalen. Phone +49 (0) 5201 185-0. Fax +49 (0) 5201 10931. E-mail: info ...
Next,"Leicester, United Kingdom"
Urban Outfitters,"Philadelphia, PA"
Gucci,"Florence, Italy"
GUESS,"Los Angeles, CA"
Gymshark,"Our employee family is growing too, with over 900 employees across offices in five regions, including Solihull, UK (just outside our hometown) and Denver, ..."
H&M,"No, it's URuGuAY. Upvote"
Hanes,"Winston-Salem, NC"
Eddie Bauer,"Get directions, reviews and information for Eddie Bauer Headquarters in Seattle, WA ... Eddie Bauer Headquarters. 2200 1st Ave S. Seattle WA 98134. (425) 755-6100."
Helly Hansen,"Oslo, Norway"
HEMA,"Sep 23, 2022 — The HEMA head office is located in Amsterdam. Our total workforce numbers more than 17,000 and we are active in the Netherlands (since 1926), ..."
Steve Madden,"Long Island City, New York, NY"
Hollister Co.,"With its corporate headquarters in Libertyville, Illinois, Hollister Incorporated has manufacturing and distribution centers on three continents and sells in ..."
Hudson's Bay,"Toronto, Canada"
Hugo Boss,"Metzingen, Germany"
Intimissimi,"It is based in Malcesine, Italy. Headquarters Location. Via Portici Umberto ... Intimissimi's headquarters is located at Via Portici Umberto Primo n. 5/3 ..."
Buckle,"Kearney, NE"
Jack & Jones,"Where-is-jack · Item added to your cart · Stickers for Jack, those looking for Jack, and everyone in between. Free Shipping on Orders ..."
Jack Wolfskin,"Idstein, Germany"
JD Sports,"Bury, United Kingdom"
Jil Sander,"Three years later, the Jil Sander company was founded, and in 1994, the brand's first showroom opened in Milan, later becoming the creative and operative ..."
Dillard's,"Little Rock, AR"
Joe Fresh,"About us ; Website: http://JoeFresh.com. External link for Joe Fresh ; Industry: Retail ; Company size: 5,001-10,000 employees ; Headquarters: Toronto, Ontario."
REVOLVE,"Cerritos, CA"
Furla,"Bologna, Italy"
K-Way,"Headquarters: Torino, Piemonte. Type: Public Company. Founded: 1965. Locations. Primary. Torino, Piemonte 10156, IT. Get directions. Employees at K-Way. Click ..."
Kate Spade,United States
Kathmandu,"Kathmandu Holdings is headquartered in Christchurch, New Zealand, and has 3 office locations. Locations. Country, City, Address. New Zealand, Christchurch."
Burberry,"London, United Kingdom"
Carrefour,"Massy, France"
KiK,Safety and privacy. Safety center. Address. 1237 7th Street.
Walmart,"Bentonville, AR"
LL Bean,"Jun 15, 2023 — This June, we will celebrate the grand opening of our new L.L.Bean Corporate Headquarters in Freeport, Maine, a 390,000 square-foot campus ..."
Kohl's,"Menomonee Falls, WI"
KOOVS,"Koovs is headquartered in Gurugram, 3rd Floor, 77 A, IFFCO Road, Sector 18, India, and has 1 office location. Locations. Country, City, Address ..."
La Redoute,"Roubaix, France"
Takko,"Telgte, Germany"
Tesco,View Tesco Plc's company headquarters address along with its other key offices and locations. Head Office.
Carhartt,"Dearborn, MI"
Levi Strauss & Co,"In 1853, Levi Strauss, an immigrant from Bavaria, opened a dry goods company in San Francisco at the height of the California Gold Rush."
Mizuno,"Osaka, Osaka, Japan"
Tchibo,"The company is headquartered in Hamburg. Tchibo's coffee is sold in supermarkets and other smaller stores in the United States, Canada, Czech Republic, Saudi ..."
El Corte Inglés,"Madrid, Spain"
Kmart Australia,"Mulgrave, Australia"
Target Australia,"Williams Landing, Australia"
MRP,"MRP is headquartered in Philadelphia, 1818 Market Street, 1818 Market St 37th Floor, United States, and has 9 office locations."
Lululemon,"Vancouver, Canada"
Macy's,"Macy's is headquartered in New York, 151 W 34th St, United States, and has 6 office locations."
Mammut,"Seon, Switzerland"
Mango,Headquarters. Mango. Calle Mercaders 9-11 Pol. Ind. Riera de Caldes C.P. 08184 Palau-solità i Plegamans Barcelona (Spain). +34 938 60 22 22. External ...
Marc Jacobs,View the corporate team at Marc Jacobs. Get in touch with the Sales team and Public Relations across the United States and Europe.
John Lewis,"London, United Kingdom"
Marni,"Marni Group S.r.l., commonly known as Marni, is an Italian luxury fashion house founded in 1994 by Consuelo Castiglioni in Milan, Italy."
Massimo Dutti,"Tordera, Spain"
Matalan,"Matalan is headquartered in Liverpool, Matalan Perimeter Road, Knowsley Industrial Park, United Kingdom, and has 1 office location."
Falabella,"Santiago, Chile"
Max Mara,"Reggio Emilia, Italy"
Merrell,"Rockford, MI"
Metersbonwe,"Meters/bonwe's headquarters are located at No.700 E Kangqiao Pudong District Rd, Shanghai, Shanghai, 201315, China What is Meters/bonwe's phone number?"
Mexx,"Locations · James Wattlaan 7. Drunen, North Brabant 5151 DP, NL · 171 bis Avenue Charles De Gaulle. Neuilly Sur Seine, Hauts-de-Seine 92200, FR · 67 Posidonos ..."
Michael Kors,"New York, NY"
Miu Miu,"May 26, 2017 — Select your location: Brazil, United States, Austria, Belgium, Denmark ... office at 23 rue Aldigren, L-1118 Luxembourg, a company fully owned by ..."
Ito-Yokado,"Where is ITO-YOKADO CO., LTD. located? ITO-YOKADO CO., LTD. is located at 8-8, NIBANCHO CHIYODA-KU, TOKYO, 102-0084 Japan ; What is ITO-YOKADO CO., LTD.'s ..."
Moncler,Italy
Max,"Max Headquarters and Office Locations​​ Max is headquartered in New York, 230 Park Ave S, United States, and has 1 office location."
Morrisons,"Bradford, United Kingdom"
CAROLL,"Where is Caroll located? Caroll's headquarters are located at 38 Rue Du Hameau Cedex 15, Paris, Ile-de-France, 75740, France What is Caroll's ..."
Muji,"Toshima City, Tokyo, Japan"
New Balance,"Boston, MA"
New Look,"Weymouth, United Kingdom"
New Yorker,"Jan 26, 2015 — As for the older stomping grounds, the lore hangs around. Before 4 Times Square and the decade or so at 20 West Forty-third Street, the magazine ..."
Hermès,"Paris, France"
Zeeman,"Alphen aan den Rijn, Netherlands"
Nine West,"White Plains, NY"
Nordstrom,"Seattle, WA"
Old Navy,"San Francisco, CA"
Otto,"Otto's is headquartered in West Chester, 1275 Wilmington Pike, United States, and has 1 office location. Locations. Country, City, Address ..."
OVS,"Venice, Italy"
Paris,Paris is located in France. Paris. Paris is located in Île-de-France (region) ... The latter location housed the headquarters of Paris's river trade ...
Pimkie,"Villeneuve-d'Ascq, France"
Pepe Jeans,"Pepe Jeans London has ... Headquarters: Sant Feliu Llobregat, Barcelona. Type: Privately Held. Founded: 1973. Specialties: Moda, Tendencias, Ropa, and Diseño ..."
Converse,"Boston, MA"
Prada,"Milan, Italy"
Jordan,"TJC is headquartered in New York, 399 Park Avenue, 30th Floor, United States, and has 4 office locations. Locations. Country, City, Address ..."
Primark,"Dublin, Ireland"
Nike,"Nike is headquartered in Beaverton, OR and has 16 office and retail locations located throughout the US.See if Nike is hiring near you."
Pull&Bear,"Locate the nearest Pull-A-Part for top-notch used auto parts, buying junk cars, and professional advice. Your comprehensive auto junkyard solution is just ..."
Puma,"Herzogenaurach, Germany"
Patagonia,"Ventura, CA"
Ralph Lauren,"New York, NY"
Kiabi,"Where is KIABI EUROPE located? KIABI EUROPE is located at 100 RUE DU CALVAIRE 59510, HEM, HAUTS DE FRANCE France ; What is KIABI EUROPE's industry? KIABI EUROPE ..."
REI,"Sumner, WA"
Reliance Trends,"Where is Reliance Trends 's headquarters? Reliance Trends is located in Mumbai, Maharashtra, India . Unlock even more features with Crunchbase Pro. Start ..."
Reserved,"Reserved is headquartered in Gdańsk, Łąkowa 39/44, Poland, and has 5 office locations."
boohoo,"Manchester, United Kingdom"
River Island,"London, United Kingdom"
Romwe,"ROMWE Information ; Address, 1980 Us Hwy 3b 1, North Brunswick, New Jersey 08902, US ; Technologies. JavaScript, HTML, Google Analytics +36 more (view full list)."
PrettyLittleThing,Inside the L.A HQ. The PrettyLittleThing influencer lounge and office is THE hottest spot on Melrose Ave. Our stairs are now iconic as the ultimate influencer ...
TOPVALU COLLECTION,"Where is TOPVALU COLLECTION CO., LTD. located? TOPVALU COLLECTION CO., LTD. is located at 1-4, NAKASE, MIHAMA-KU AEON TOWER ANNEX CHIBA, CHIBA ..."
Zalando,"Berlin, Germany"
s.Oliver,"Rottendorf, Germany"
Sainsbury's,"London, United Kingdom"
SAINT LAURENT,No information is available for this page.Learn why
Saks Fifth Avenue,"New York, NY"
Salvatore Ferragamo,"Florence, Italy"
Sandro,"Sandro Headquarters and Office Locations​​ Sandro is headquartered in Paris, 150 Boulevard Haussmann, France, and has 1 office location."
Savage X Fenty,"El Segundo, CA"
Chanel,"London, United Kingdom"
SHEIN,"Singapore, Singapore"
Shimamura,"SHIMAMURA Co.,Ltd. Establishment, 1953. Description of Business, Sales of general clothing items. Head Office, 1-602-1 KITABUKURO-CHO, OMIYA-KU, SAITAMA-SHI ..."
Skechers,"Manhattan Beach, CA"
Speedo,"Nottingham, United Kingdom"
Splash,"Splash is headquartered in New York, 233 Broadway 28th floor, United States, and has 3 office locations. Locations. Country, City, Address ..."
Sports Direct,"Shirebrook, United Kingdom"
Ermenegildo Zegna,"Milan, Italy"
Stradivarius,"Type, Sociedad Anónima ; Industry, Retail ; Founded, Barcelona, Spain (1994 (1994)) ; Headquarters. Sallent, Barcelona. ,. Spain ; Number of locations. 915 (2021)."
Superdry,"Cheltenham, United Kingdom"
Fruit of the Loom,"Bowling Green, KY"
Target,"Minneapolis, MN"
Russell Athletic,"Bowling Green, KY"
Kaufland,"Neckarsulm, Germany"
Ted Baker,"London, United Kingdom"
Prisma,"Prisma is headquartered in Berlin, Prenzlauer Allee 193, Germany, and has 2 office locations. Locations. Country, City, Address ..."
Tezenis,"... office in Italy, at n. 5/3 Via Portici Umberto Primo - 37018 - Malcesine (VR) and administrative headquarters in Italy, n. 20 Via Monte Baldo - 37062 ..."
The Children's Place,View The Children's Place Inc company headquarters address along with its other key offices and locations.
Lidl,"Headquartered in Neckarsulm, Baden-Württemberg, the company belongs to the Schwarz Group, which also includes hypermarket chain Kaufland. Lidl. Headquarters in ..."
Amazon,"Seattle, WA"
ANTA,"Jinjiang, Quanzhou, China"
TJ Maxx,"Framingham, MA"
Marks & Spencer,"Marks is a city in and the county seat of Quitman County, Mississippi. As of the 2010 census, the city population was 1,735."
Tom Ford,"In April 2007, the first directly owned Tom Ford flagship boutique opened at 845 Madison Avenue in New York City."
Tom Tailor,"Hamburg, Germany"
Tommy Bahama,"The corporate headquarters of Tommy Bahama is located at 400 Fairview in the South Lake Union neighborhood of Seattle, Washington, and was built in 2015."
Bosideng,"Changshu, Suzhou, China"
Tommy Hilfiger,"Amsterdam, Netherlands"
Tory Burch,"Tory Burch is headquartered in New York, 11 W 19th St, United States, and has 2 office locations. Locations. Country, City, Address. United States, New York ..."
Triumph,"Hinckley, United Kingdom"
Truworths,South Africa
UGG,"It started in 1978, when Australian surfer Brian Smith moved to Southern California with a dream. Designing a product unlike any other from his favorite ..."
Under Armour,"Baltimore, MD"
The Warehouse,"The Warehouse is headquartered in Auckland, 26 The Warehouse Way, Northcote, New Zealand, and has 1 office location."
United Arrows,"United Arrows Ltd.'s headquarters are located at 8-1-19 Akasaka Minato-ku, Tokyo, Tokyo, 107-0052, Japan What is United Arrows Ltd.'s phone number? United ..."
United Colors of Benetton,"Ponzano Veneto, Italy"
Calvin Klein,"Calvin Klein is headquartered in New York, 205 W 39th St, United States, and has 2 office locations. Locations. Country, City, Address ..."
Valentino,"CORPORATE COMPANIES ; LUX Valentino S.A.. 11-13 Boulevard de la Foire - L-1528 Luxembourg. V.F.G. Canada Inc. ; Valentino Australia Pty Ltd. Level 46, Tower One - ..."
Gildan,"Montreal, Canada"
Vans,"Costa Mesa, CA"
Vero Moda,"Where is Vero Moda 's headquarters? Vero Moda is located in Montreal, Quebec, Canada . Who are Vero Moda 's competitors? Alternatives and possible ..."
Versace,"Milan, Italy"
Very,"Our locations. The Very Group includes workspaces right across the UK, Ireland and Asia. From our head office in Liverpool, a stylish design hub in the heart ..."
Victoria's Secret,"Reynoldsburg, OH"
Clarks,"Street, United Kingdom"
Woolworths South Africa,"Cape Town, South Africa"
Wrangler,"Greensboro, NC"
Youngor,"Founded in 1979, and located in Ningbo Zhejiang, Youngor is the leading enterprise of the national textile and apparel industry. By the end of 2022, ..."
Esprit,"Esprit's headquarters are located in Germany and Hong Kong, where the brand has been listed on the Hong Kong Stock Exchange since 1993. Esprit – Keeping it easy ..."
Zara,"Zara's headquarters is located at Edificio Inditex, A Coruna. Who are Zara's competitors? Competitors of Zara include SHEIN, La Mas Mona, Vasquiat, TOPSHOP, ..."
Reebok,"Boston, MA"
